id,name,value
81,row-1,1.5
82,row-2,3.0
83,row-3,4.5
84,row-4,6.0
85,row-5,7.5
86,row-6,9.0
87,row-7,10.5
88,row-8,12.0
89,row-9,13.5
80,row-10,15.0
81,row-11,16.5
82,row-12,18.0
83,row-13,19.5
84,row-14,21.0
85,row-15,22.5
86,row-16,24.0
87,row-17,25.5
88,row-18,27.0
89,row-19,28.5
80,row-20,30.0
81,row-21,31.5
82,row-22,33.0
83,row-23,34.5
84,row-24,36.0
85,row-25,37.5
86,row-26,39.0
87,row-27,40.5
88,row-28,42.0
89,row-29,43.5
80,row-30,45.0
81,row-31,46.5
82,row-32,48.0
83,row-33,49.5
84,row-34,51.0
85,row-35,52.5
86,row-36,54.0
87,row-37,55.5
88,row-38,57.0
89,row-39,58.5
80,row-40,60.0
81,row-41,61.5
82,row-42,63.0
83,row-43,64.5
84,row-44,66.0
85,row-45,67.5
86,row-46,69.0
87,row-47,70.5
88,row-48,72.0
89,row-49,73.5
80,row-50,75.0
81,row-51,76.5
82,row-52,78.0
83,row-53,79.5
84,row-54,81.0
85,row-55,82.5
86,row-56,84.0
87,row-57,85.5
88,row-58,87.0
89,row-59,88.5
80,row-60,90.0
81,row-61,91.5
82,row-62,93.0
83,row-63,94.5
84,row-64,96.0
85,row-65,97.5
86,row-66,99.0
87,row-67,100.5
88,row-68,102.0
89,row-69,103.5
80,row-70,105.0
81,row-71,106.5
82,row-72,108.0
83,row-73,109.5
84,row-74,111.0
85,row-75,112.5
86,row-76,114.0
87,row-77,115.5
88,row-78,117.0
89,row-79,118.5
80,row-80,120.0
81,row-81,121.5
82,row-82,123.0
83,row-83,124.5
84,row-84,126.0
85,row-85,127.5
86,row-86,129.0
87,row-87,130.5
88,row-88,132.0
89,row-89,133.5
80,row-90,135.0
81,row-91,136.5
82,row-92,138.0
83,row-93,139.5
84,row-94,141.0
85,row-95,142.5
86,row-96,144.0
87,row-97,145.5
88,row-98,147.0
89,row-99,148.5
80,row-100,150.0
81,row-101,151.5
82,row-102,153.0
83,row-103,154.5
84,row-104,156.0
85,row-105,157.5
86,row-106,159.0
87,row-107,160.5
88,row-108,162.0
89,row-109,163.5
80,row-110,165.0
81,row-111,166.5
82,row-112,168.0
83,row-113,169.5
84,row-114,171.0
85,row-115,172.5
86,row-116,174.0
87,row-117,175.5
88,row-118,177.0
89,row-119,178.5
80,row-120,180.0
81,row-121,181.5
82,row-122,183.0
83,row-123,184.5
84,row-124,186.0
85,row-125,187.5
86,row-126,189.0
87,row-127,190.5
88,row-128,192.0
89,row-129,193.5
80,row-130,195.0
81,row-131,196.5
82,row-132,198.0
83,row-133,199.5
84,row-134,201.0
85,row-135,202.5
86,row-136,204.0
87,row-137,205.5
88,row-138,207.0
89,row-139,208.5
80,row-140,210.0
81,row-141,211.5
82,row-142,213.0
83,row-143,214.5
84,row-144,216.0
85,row-145,217.5
86,row-146,219.0
87,row-147,220.5
88,row-148,222.0
89,row-149,223.5
80,row-150,225.0
81,row-151,226.5
82,row-152,228.0
83,row-153,229.5
84,row-154,231.0
85,row-155,232.5
86,row-156,234.0
87,row-157,235.5
88,row-158,237.0
89,row-159,238.5
80,row-160,240.0
81,row-161,241.5
82,row-162,243.0
83,row-163,244.5
84,row-164,246.0
85,row-165,247.5
86,row-166,249.0
87,row-167,250.5
88,row-168,252.0
89,row-169,253.5
80,row-170,255.0
81,row-171,256.5
82,row-172,258.0
83,row-173,259.5
84,row-174,261.0
85,row-175,262.5
86,row-176,264.0
87,row-177,265.5
88,row-178,267.0
89,row-179,268.5
80,row-180,270.0
81,row-181,271.5
82,row-182,273.0
83,row-183,274.5
84,row-184,276.0
85,row-185,277.5
86,row-186,279.0
87,row-187,280.5
88,row-188,282.0
89,row-189,283.5
80,row-190,285.0
81,row-191,286.5
82,row-192,288.0
83,row-193,289.5
84,row-194,291.0
85,row-195,292.5
86,row-196,294.0
87,row-197,295.5
88,row-198,297.0
89,row-199,298.5
80,row-200,300.0
81,row-201,301.5
82,row-202,303.0
83,row-203,304.5
84,row-204,306.0
85,row-205,307.5
86,row-206,309.0
87,row-207,310.5
88,row-208,312.0
89,row-209,313.5
80,row-210,315.0
81,row-211,316.5
82,row-212,318.0
83,row-213,319.5
84,row-214,321.0
85,row-215,322.5
86,row-216,324.0
87,row-217,325.5
88,row-218,327.0
89,row-219,328.5
80,row-220,330.0
81,row-221,331.5
82,row-222,333.0
83,row-223,334.5
84,row-224,336.0
85,row-225,337.5
86,row-226,339.0
87,row-227,340.5
88,row-228,342.0
89,row-229,343.5
80,row-230,345.0
81,row-231,346.5
82,row-232,348.0
83,row-233,349.5
84,row-234,351.0
85,row-235,352.5
86,row-236,354.0
87,row-237,355.5
88,row-238,357.0
89,row-239,358.5
80,row-240,360.0
81,row-241,361.5
82,row-242,363.0
83,row-243,364.5
84,row-244,366.0
85,row-245,367.5
86,row-246,369.0
87,row-247,370.5
88,row-248,372.0
89,row-249,373.5
80,row-250,375.0
81,row-251,376.5
82,row-252,378.0
83,row-253,379.5
84,row-254,381.0
85,row-255,382.5
86,row-256,384.0
87,row-257,385.5
88,row-258,387.0
89,row-259,388.5
80,row-260,390.0
81,row-261,391.5
82,row-262,393.0
83,row-263,394.5
84,row-264,396.0
85,row-265,397.5
86,row-266,399.0
87,row-267,400.5
88,row-268,402.0
89,row-269,403.5
80,row-270,405.0
81,row-271,406.5
82,row-272,408.0
83,row-273,409.5
84,row-274,411.0
85,row-275,412.5
86,row-276,414.0
87,row-277,415.5
88,row-278,417.0
89,row-279,418.5
80,row-280,420.0
81,row-281,421.5
82,row-282,423.0
83,row-283,424.5
84,row-284,426.0
85,row-285,427.5
86,row-286,429.0
87,row-287,430.5
88,row-288,432.0
89,row-289,433.5
80,row-290,435.0
81,row-291,436.5
82,row-292,438.0
83,row-293,439.5
84,row-294,441.0
85,row-295,442.5
86,row-296,444.0
87,row-297,445.5
88,row-298,447.0
89,row-299,448.5
80,row-300,450.0
81,row-301,451.5
82,row-302,453.0
83,row-303,454.5
84,row-304,456.0
85,row-305,457.5
86,row-306,459.0
87,row-307,460.5
88,row-308,462.0
89,row-309,463.5
80,row-310,465.0
81,row-311,466.5
82,row-312,468.0
83,row-313,469.5
84,row-314,471.0
85,row-315,472.5
86,row-316,474.0
87,row-317,475.5
88,row-318,477.0
89,row-319,478.5
80,row-320,480.0
81,row-321,481.5
82,row-322,483.0
83,row-323,484.5
84,row-324,486.0
85,row-325,487.5
86,row-326,489.0
87,row-327,490.5
88,row-328,492.0
89,row-329,493.5
80,row-330,495.0
81,row-331,496.5
82,row-332,498.0
83,row-333,499.5
84,row-334,501.0
85,row-335,502.5
86,row-336,504.0
87,row-337,505.5
88,row-338,507.0
89,row-339,508.5
80,row-340,510.0
81,row-341,511.5
82,row-342,513.0
83,row-343,514.5
84,row-344,516.0
85,row-345,517.5
86,row-346,519.0
87,row-347,520.5
88,row-348,522.0
89,row-349,523.5
80,row-350,525.0
81,row-351,526.5
82,row-352,528.0
83,row-353,529.5
84,row-354,531.0
85,row-355,532.5
86,row-356,534.0
87,row-357,535.5
88,row-358,537.0
89,row-359,538.5
80,row-360,540.0
81,row-361,541.5
82,row-362,543.0
83,row-363,544.5
84,row-364,546.0
85,row-365,547.5
86,row-366,549.0
87,row-367,550.5
88,row-368,552.0
89,row-369,553.5
80,row-370,555.0
81,row-371,556.5
82,row-372,558.0
83,row-373,559.5
84,row-374,561.0
85,row-375,562.5
86,row-376,564.0
87,row-377,565.5
88,row-378,567.0
89,row-379,568.5
80,row-380,570.0
81,row-381,571.5
82,row-382,573.0
83,row-383,574.5
84,row-384,576.0
85,row-385,577.5
86,row-386,579.0
87,row-387,580.5
88,row-388,582.0
89,row-389,583.5
80,row-390,585.0
81,row-391,586.5
82,row-392,588.0
83,row-393,589.5
84,row-394,591.0
85,row-395,592.5
86,row-396,594.0
87,row-397,595.5
88,row-398,597.0
89,row-399,598.5
80,row-400,600.0
81,row-401,601.5
82,row-402,603.0
83,row-403,604.5
84,row-404,606.0
85,row-405,607.5
86,row-406,609.0
87,row-407,610.5
88,row-408,612.0
89,row-409,613.5
80,row-410,615.0
81,row-411,616.5
82,row-412,618.0
83,row-413,619.5
84,row-414,621.0
85,row-415,622.5
86,row-416,624.0
87,row-417,625.5
88,row-418,627.0
89,row-419,628.5
80,row-420,630.0
81,row-421,631.5
82,row-422,633.0
83,row-423,634.5
84,row-424,636.0
85,row-425,637.5
86,row-426,639.0
87,row-427,640.5
88,row-428,642.0
89,row-429,643.5
80,row-430,645.0
81,row-431,646.5
82,row-432,648.0
83,row-433,649.5
84,row-434,651.0
85,row-435,652.5
86,row-436,654.0
87,row-437,655.5
88,row-438,657.0
89,row-439,658.5
80,row-440,660.0
81,row-441,661.5
82,row-442,663.0
83,row-443,664.5
84,row-444,666.0
85,row-445,667.5
86,row-446,669.0
87,row-447,670.5
88,row-448,672.0
89,row-449,673.5
80,row-450,675.0
81,row-451,676.5
82,row-452,678.0
83,row-453,679.5
84,row-454,681.0
85,row-455,682.5
86,row-456,684.0
87,row-457,685.5
88,row-458,687.0
89,row-459,688.5
80,row-460,690.0
81,row-461,691.5
82,row-462,693.0
83,row-463,694.5
84,row-464,696.0
85,row-465,697.5
86,row-466,699.0
87,row-467,700.5
88,row-468,702.0
89,row-469,703.5
80,row-470,705.0
81,row-471,706.5
82,row-472,708.0
83,row-473,709.5
84,row-474,711.0
85,row-475,712.5
86,row-476,714.0
87,row-477,715.5
88,row-478,717.0
89,row-479,718.5
80,row-480,720.0
81,row-481,721.5
82,row-482,723.0
83,row-483,724.5
84,row-484,726.0
85,row-485,727.5
86,row-486,729.0
87,row-487,730.5
88,row-488,732.0
89,row-489,733.5
80,row-490,735.0
81,row-491,736.5
82,row-492,738.0
83,row-493,739.5
84,row-494,741.0
85,row-495,742.5
86,row-496,744.0
87,row-497,745.5
88,row-498,747.0
89,row-499,748.5
80,row-500,750.0
81,row-501,751.5
82,row-502,753.0
83,row-503,754.5
84,row-504,756.0
85,row-505,757.5
86,row-506,759.0
87,row-507,760.5
88,row-508,762.0
89,row-509,763.5
80,row-510,765.0
81,row-511,766.5
82,row-512,768.0
83,row-513,769.5
84,row-514,771.0
85,row-515,772.5
86,row-516,774.0
87,row-517,775.5
88,row-518,777.0
89,row-519,778.5
80,row-520,780.0
81,row-521,781.5
82,row-522,783.0
83,row-523,784.5
84,row-524,786.0
85,row-525,787.5
86,row-526,789.0
87,row-527,790.5
88,row-528,792.0
89,row-529,793.5
80,row-530,795.0
81,row-531,796.5
82,row-532,798.0
83,row-533,799.5
84,row-534,801.0
85,row-535,802.5
86,row-536,804.0
87,row-537,805.5
88,row-538,807.0
89,row-539,808.5
80,row-540,810.0
81,row-541,811.5
82,row-542,813.0
83,row-543,814.5
84,row-544,816.0
85,row-545,817.5
86,row-546,819.0
87,row-547,820.5
88,row-548,822.0
89,row-549,823.5
80,row-550,825.0
81,row-551,826.5
82,row-552,828.0
83,row-553,829.5
84,row-554,831.0
85,row-555,832.5
86,row-556,834.0
87,row-557,835.5
88,row-558,837.0
89,row-559,838.5
80,row-560,840.0
81,row-561,841.5
82,row-562,843.0
83,row-563,844.5
84,row-564,846.0
85,row-565,847.5
86,row-566,849.0
87,row-567,850.5
88,row-568,852.0
89,row-569,853.5
80,row-570,855.0
81,row-571,856.5
82,row-572,858.0
83,row-573,859.5
84,row-574,861.0
85,row-575,862.5
86,row-576,864.0
87,row-577,865.5
88,row-578,867.0
89,row-579,868.5
80,row-580,870.0
81,row-581,871.5
82,row-582,873.0
83,row-583,874.5
84,row-584,876.0
85,row-585,877.5
86,row-586,879.0
87,row-587,880.5
88,row-588,882.0
89,row-589,883.5
80,row-590,885.0
81,row-591,886.5
82,row-592,888.0
83,row-593,889.5
84,row-594,891.0
85,row-595,892.5
86,row-596,894.0
87,row-597,895.5
88,row-598,897.0
89,row-599,898.5
80,row-600,900.0
81,row-601,901.5
82,row-602,903.0
83,row-603,904.5
84,row-604,906.0
85,row-605,907.5
86,row-606,909.0
87,row-607,910.5
88,row-608,912.0
89,row-609,913.5
80,row-610,915.0
81,row-611,916.5
82,row-612,918.0
83,row-613,919.5
84,row-614,921.0
85,row-615,922.5
86,row-616,924.0
87,row-617,925.5
88,row-618,927.0
89,row-619,928.5
80,row-620,930.0
81,row-621,931.5
82,row-622,933.0
83,row-623,934.5
84,row-624,936.0
85,row-625,937.5
86,row-626,939.0
87,row-627,940.5
88,row-628,942.0
89,row-629,943.5
80,row-630,945.0
81,row-631,946.5
82,row-632,948.0
83,row-633,949.5
84,row-634,951.0
85,row-635,952.5
86,row-636,954.0
87,row-637,955.5
88,row-638,957.0
89,row-639,958.5
80,row-640,960.0
81,row-641,961.5
82,row-642,963.0
83,row-643,964.5
84,row-644,966.0
85,row-645,967.5
86,row-646,969.0
87,row-647,970.5
88,row-648,972.0
89,row-649,973.5
80,row-650,975.0
81,row-651,976.5
82,row-652,978.0
83,row-653,979.5
84,row-654,981.0
85,row-655,982.5
86,row-656,984.0
87,row-657,985.5
88,row-658,987.0
89,row-659,988.5
80,row-660,990.0
81,row-661,991.5
82,row-662,993.0
83,row-663,994.5
84,row-664,996.0
85,row-665,997.5
86,row-666,999.0
87,row-667,1000.5
88,row-668,1002.0
89,row-669,1003.5
80,row-670,1005.0
81,row-671,1006.5
82,row-672,1008.0
83,row-673,1009.5
84,row-674,1011.0
85,row-675,1012.5
86,row-676,1014.0
87,row-677,1015.5
88,row-678,1017.0
89,row-679,1018.5
80,row-680,1020.0
81,row-681,1021.5
82,row-682,1023.0
83,row-683,1024.5
84,row-684,1026.0
85,row-685,1027.5
86,row-686,1029.0
87,row-687,1030.5
88,row-688,1032.0
89,row-689,1033.5
80,row-690,1035.0
81,row-691,1036.5
82,row-692,1038.0
83,row-693,1039.5
84,row-694,1041.0
85,row-695,1042.5
86,row-696,1044.0
87,row-697,1045.5
88,row-698,1047.0
89,row-699,1048.5
80,row-700,1050.0
81,row-701,1051.5
82,row-702,1053.0
83,row-703,1054.5
84,row-704,1056.0
85,row-705,1057.5
86,row-706,1059.0
87,row-707,1060.5
88,row-708,1062.0
89,row-709,1063.5
80,row-710,1065.0
81,row-711,1066.5
82,row-712,1068.0
83,row-713,1069.5
84,row-714,1071.0
85,row-715,1072.5
86,row-716,1074.0
87,row-717,1075.5
88,row-718,1077.0
89,row-719,1078.5
80,row-720,1080.0
81,row-721,1081.5
82,row-722,1083.0
83,row-723,1084.5
84,row-724,1086.0
85,row-725,1087.5
86,row-726,1089.0
87,row-727,1090.5
88,row-728,1092.0
89,row-729,1093.5
80,row-730,1095.0
81,row-731,1096.5
82,row-732,1098.0
83,row-733,1099.5
84,row-734,1101.0
85,row-735,1102.5
86,row-736,1104.0
87,row-737,1105.5
88,row-738,1107.0
89,row-739,1108.5
80,row-740,1110.0
81,row-741,1111.5
82,row-742,1113.0
83,row-743,1114.5
84,row-744,1116.0
85,row-745,1117.5
86,row-746,1119.0
87,row-747,1120.5
88,row-748,1122.0
89,row-749,1123.5
80,row-750,1125.0
81,row-751,1126.5
82,row-752,1128.0
83,row-753,1129.5
84,row-754,1131.0
85,row-755,1132.5
86,row-756,1134.0
87,row-757,1135.5
88,row-758,1137.0
89,row-759,1138.5
80,row-760,1140.0
81,row-761,1141.5
82,row-762,1143.0
83,row-763,1144.5
84,row-764,1146.0
85,row-765,1147.5
86,row-766,1149.0
87,row-767,1150.5
88,row-768,1152.0
89,row-769,1153.5
80,row-770,1155.0
81,row-771,1156.5
82,row-772,1158.0
83,row-773,1159.5
84,row-774,1161.0
85,row-775,1162.5
86,row-776,1164.0
87,row-777,1165.5
88,row-778,1167.0
89,row-779,1168.5
80,row-780,1170.0
81,row-781,1171.5
82,row-782,1173.0
83,row-783,1174.5
84,row-784,1176.0
85,row-785,1177.5
86,row-786,1179.0
87,row-787,1180.5
88,row-788,1182.0
89,row-789,1183.5
80,row-790,1185.0
81,row-791,1186.5
82,row-792,1188.0
83,row-793,1189.5
84,row-794,1191.0
85,row-795,1192.5
86,row-796,1194.0
87,row-797,1195.5
88,row-798,1197.0
89,row-799,1198.5
80,row-800,1200.0
81,row-801,1201.5
82,row-802,1203.0
83,row-803,1204.5
84,row-804,1206.0
85,row-805,1207.5
86,row-806,1209.0
87,row-807,1210.5
88,row-808,1212.0
89,row-809,1213.5
80,row-810,1215.0
81,row-811,1216.5
82,row-812,1218.0
83,row-813,1219.5
84,row-814,1221.0
85,row-815,1222.5
86,row-816,1224.0
87,row-817,1225.5
88,row-818,1227.0
89,row-819,1228.5
80,row-820,1230.0
81,row-821,1231.5
82,row-822,1233.0
83,row-823,1234.5
84,row-824,1236.0
85,row-825,1237.5
86,row-826,1239.0
87,row-827,1240.5
88,row-828,1242.0
89,row-829,1243.5
80,row-830,1245.0
81,row-831,1246.5
82,row-832,1248.0
83,row-833,1249.5
84,row-834,1251.0
85,row-835,1252.5
86,row-836,1254.0
87,row-837,1255.5
88,row-838,1257.0
89,row-839,1258.5
80,row-840,1260.0
81,row-841,1261.5
82,row-842,1263.0
83,row-843,1264.5
84,row-844,1266.0
85,row-845,1267.5
86,row-846,1269.0
87,row-847,1270.5
88,row-848,1272.0
89,row-849,1273.5
80,row-850,1275.0
81,row-851,1276.5
82,row-852,1278.0
83,row-853,1279.5
84,row-854,1281.0
85,row-855,1282.5
86,row-856,1284.0
87,row-857,1285.5
88,row-858,1287.0
89,row-859,1288.5
80,row-860,1290.0
81,row-861,1291.5
82,row-862,1293.0
83,row-863,1294.5
84,row-864,1296.0
85,row-865,1297.5
86,row-866,1299.0
87,row-867,1300.5
88,row-868,1302.0
89,row-869,1303.5
80,row-870,1305.0
81,row-871,1306.5
82,row-872,1308.0
83,row-873,1309.5
84,row-874,1311.0
85,row-875,1312.5
86,row-876,1314.0
87,row-877,1315.5
88,row-878,1317.0
89,row-879,1318.5
80,row-880,1320.0
81,row-881,1321.5
82,row-882,1323.0
83,row-883,1324.5
84,row-884,1326.0
85,row-885,1327.5
86,row-886,1329.0
87,row-887,1330.5
88,row-888,1332.0
89,row-889,1333.5
80,row-890,1335.0
81,row-891,1336.5
82,row-892,1338.0
83,row-893,1339.5
84,row-894,1341.0
85,row-895,1342.5
86,row-896,1344.0
87,row-897,1345.5
88,row-898,1347.0
89,row-899,1348.5
80,row-900,1350.0
81,row-901,1351.5
82,row-902,1353.0
83,row-903,1354.5
84,row-904,1356.0
85,row-905,1357.5
86,row-906,1359.0
87,row-907,1360.5
88,row-908,1362.0
89,row-909,1363.5
80,row-910,1365.0
81,row-911,1366.5
82,row-912,1368.0
83,row-913,1369.5
84,row-914,1371.0
85,row-915,1372.5
86,row-916,1374.0
87,row-917,1375.5
88,row-918,1377.0
89,row-919,1378.5
80,row-920,1380.0
81,row-921,1381.5
82,row-922,1383.0
83,row-923,1384.5
84,row-924,1386.0
85,row-925,1387.5
86,row-926,1389.0
87,row-927,1390.5
88,row-928,1392.0
89,row-929,1393.5
80,row-930,1395.0
81,row-931,1396.5
82,row-932,1398.0
83,row-933,1399.5
84,row-934,1401.0
85,row-935,1402.5
86,row-936,1404.0
87,row-937,1405.5
88,row-938,1407.0
89,row-939,1408.5
80,row-940,1410.0
81,row-941,1411.5
82,row-942,1413.0
83,row-943,1414.5
84,row-944,1416.0
85,row-945,1417.5
86,row-946,1419.0
87,row-947,1420.5
88,row-948,1422.0
89,row-949,1423.5
80,row-950,1425.0
81,row-951,1426.5
82,row-952,1428.0
83,row-953,1429.5
84,row-954,1431.0
85,row-955,1432.5
86,row-956,1434.0
87,row-957,1435.5
88,row-958,1437.0
89,row-959,1438.5
80,row-960,1440.0
81,row-961,1441.5
82,row-962,1443.0
83,row-963,1444.5
84,row-964,1446.0
85,row-965,1447.5
86,row-966,1449.0
87,row-967,1450.5
88,row-968,1452.0
89,row-969,1453.5
80,row-970,1455.0
81,row-971,1456.5
82,row-972,1458.0
83,row-973,1459.5
84,row-974,1461.0
85,row-975,1462.5
86,row-976,1464.0
87,row-977,1465.5
88,row-978,1467.0
89,row-979,1468.5
80,row-980,1470.0
81,row-981,1471.5
82,row-982,1473.0
83,row-983,1474.5
84,row-984,1476.0
85,row-985,1477.5
86,row-986,1479.0
87,row-987,1480.5
88,row-988,1482.0
89,row-989,1483.5
80,row-990,1485.0
81,row-991,1486.5
82,row-992,1488.0
83,row-993,1489.5
84,row-994,1491.0
85,row-995,1492.5
86,row-996,1494.0
87,row-997,1495.5
88,row-998,1497.0
89,row-999,1498.5
80,row-1000,1500.0
81,row-1001,1501.5
82,row-1002,1503.0
83,row-1003,1504.5
84,row-1004,1506.0
85,row-1005,1507.5
86,row-1006,1509.0
87,row-1007,1510.5
88,row-1008,1512.0
89,row-1009,1513.5
80,row-1010,1515.0
81,row-1011,1516.5
82,row-1012,1518.0
83,row-1013,1519.5
84,row-1014,1521.0
85,row-1015,1522.5
86,row-1016,1524.0
87,row-1017,1525.5
88,row-1018,1527.0
89,row-1019,1528.5
80,row-1020,1530.0
81,row-1021,1531.5
82,row-1022,1533.0
83,row-1023,1534.5
84,row-1024,1536.0
85,row-1025,1537.5
86,row-1026,1539.0
87,row-1027,1540.5
88,row-1028,1542.0
89,row-1029,1543.5
80,row-1030,1545.0
81,row-1031,1546.5
82,row-1032,1548.0
83,row-1033,1549.5
84,row-1034,1551.0
85,row-1035,1552.5
86,row-1036,1554.0
87,row-1037,1555.5
88,row-1038,1557.0
89,row-1039,1558.5
80,row-1040,1560.0
81,row-1041,1561.5
82,row-1042,1563.0
83,row-1043,1564.5
84,row-1044,1566.0
85,row-1045,1567.5
86,row-1046,1569.0
87,row-1047,1570.5
88,row-1048,1572.0
89,row-1049,1573.5
80,row-1050,1575.0
81,row-1051,1576.5
82,row-1052,1578.0
83,row-1053,1579.5
84,row-1054,1581.0
85,row-1055,1582.5
86,row-1056,1584.0
87,row-1057,1585.5
88,row-1058,1587.0
89,row-1059,1588.5
80,row-1060,1590.0
81,row-1061,1591.5
82,row-1062,1593.0
83,row-1063,1594.5
84,row-1064,1596.0
85,row-1065,1597.5
86,row-1066,1599.0
87,row-1067,1600.5
88,row-1068,1602.0
89,row-1069,1603.5
80,row-1070,1605.0
81,row-1071,1606.5
82,row-1072,1608.0
83,row-1073,1609.5
84,row-1074,1611.0
85,row-1075,1612.5
86,row-1076,1614.0
87,row-1077,1615.5
88,row-1078,1617.0
89,row-1079,1618.5
80,row-1080,1620.0
81,row-1081,1621.5
82,row-1082,1623.0
83,row-1083,1624.5
84,row-1084,1626.0
85,row-1085,1627.5
86,row-1086,1629.0
87,row-1087,1630.5
88,row-1088,1632.0
89,row-1089,1633.5
80,row-1090,1635.0
81,row-1091,1636.5
82,row-1092,1638.0
83,row-1093,1639.5
84,row-1094,1641.0
85,row-1095,1642.5
86,row-1096,1644.0
87,row-1097,1645.5
88,row-1098,1647.0
89,row-1099,1648.5
80,row-1100,1650.0
81,row-1101,1651.5
82,row-1102,1653.0
83,row-1103,1654.5
84,row-1104,1656.0
85,row-1105,1657.5
86,row-1106,1659.0
87,row-1107,1660.5
88,row-1108,1662.0
89,row-1109,1663.5
80,row-1110,1665.0
81,row-1111,1666.5
82,row-1112,1668.0
83,row-1113,1669.5
84,row-1114,1671.0
85,row-1115,1672.5
86,row-1116,1674.0
87,row-1117,1675.5
88,row-1118,1677.0
89,row-1119,1678.5
80,row-1120,1680.0
81,row-1121,1681.5
82,row-1122,1683.0
83,row-1123,1684.5
84,row-1124,1686.0
85,row-1125,1687.5
86,row-1126,1689.0
87,row-1127,1690.5
88,row-1128,1692.0
89,row-1129,1693.5
80,row-1130,1695.0
81,row-1131,1696.5
82,row-1132,1698.0
83,row-1133,1699.5
84,row-1134,1701.0
85,row-1135,1702.5
86,row-1136,1704.0
87,row-1137,1705.5
88,row-1138,1707.0
89,row-1139,1708.5
80,row-1140,1710.0
81,row-1141,1711.5
82,row-1142,1713.0
83,row-1143,1714.5
84,row-1144,1716.0
85,row-1145,1717.5
86,row-1146,1719.0
87,row-1147,1720.5
88,row-1148,1722.0
89,row-1149,1723.5
80,row-1150,1725.0
81,row-1151,1726.5
82,row-1152,1728.0
83,row-1153,1729.5
84,row-1154,1731.0
85,row-1155,1732.5
86,row-1156,1734.0
87,row-1157,1735.5
88,row-1158,1737.0
89,row-1159,1738.5
80,row-1160,1740.0
81,row-1161,1741.5
82,row-1162,1743.0
83,row-1163,1744.5
84,row-1164,1746.0
85,row-1165,1747.5
86,row-1166,1749.0
87,row-1167,1750.5
88,row-1168,1752.0
89,row-1169,1753.5
80,row-1170,1755.0
81,row-1171,1756.5
82,row-1172,1758.0
83,row-1173,1759.5
84,row-1174,1761.0
85,row-1175,1762.5
86,row-1176,1764.0
87,row-1177,1765.5
88,row-1178,1767.0
89,row-1179,1768.5
80,row-1180,1770.0
81,row-1181,1771.5
82,row-1182,1773.0
83,row-1183,1774.5
84,row-1184,1776.0
85,row-1185,1777.5
86,row-1186,1779.0
87,row-1187,1780.5
88,row-1188,1782.0
89,row-1189,1783.5
80,row-1190,1785.0
81,row-1191,1786.5
82,row-1192,1788.0
83,row-1193,1789.5
84,row-1194,1791.0
85,row-1195,1792.5
86,row-1196,1794.0
87,row-1197,1795.5
88,row-1198,1797.0
89,row-1199,1798.5
80,row-1200,1800.0
81,row-1201,1801.5
82,row-1202,1803.0
83,row-1203,1804.5
84,row-1204,1806.0
85,row-1205,1807.5
86,row-1206,1809.0
87,row-1207,1810.5
88,row-1208,1812.0
89,row-1209,1813.5
80,row-1210,1815.0
81,row-1211,1816.5
82,row-1212,1818.0
83,row-1213,1819.5
84,row-1214,1821.0
85,row-1215,1822.5
86,row-1216,1824.0
87,row-1217,1825.5
88,row-1218,1827.0
89,row-1219,1828.5
80,row-1220,1830.0
81,row-1221,1831.5
82,row-1222,1833.0
83,row-1223,1834.5
84,row-1224,1836.0
85,row-1225,1837.5
86,row-1226,1839.0
87,row-1227,1840.5
88,row-1228,1842.0
89,row-1229,1843.5
80,row-1230,1845.0
81,row-1231,1846.5
82,row-1232,1848.0
83,row-1233,1849.5
84,row-1234,1851.0
85,row-1235,1852.5
86,row-1236,1854.0
87,row-1237,1855.5
88,row-1238,1857.0
89,row-1239,1858.5
80,row-1240,1860.0
81,row-1241,1861.5
82,row-1242,1863.0
83,row-1243,1864.5
84,row-1244,1866.0
85,row-1245,1867.5
86,row-1246,1869.0
87,row-1247,1870.5
88,row-1248,1872.0
89,row-1249,1873.5
80,row-1250,1875.0
81,row-1251,1876.5
82,row-1252,1878.0
83,row-1253,1879.5
84,row-1254,1881.0
85,row-1255,1882.5
86,row-1256,1884.0
87,row-1257,1885.5
88,row-1258,1887.0
89,row-1259,1888.5
80,row-1260,1890.0
81,row-1261,1891.5
82,row-1262,1893.0
83,row-1263,1894.5
84,row-1264,1896.0
85,row-1265,1897.5
86,row-1266,1899.0
87,row-1267,1900.5
88,row-1268,1902.0
89,row-1269,1903.5
80,row-1270,1905.0
81,row-1271,1906.5
82,row-1272,1908.0
83,row-1273,1909.5
84,row-1274,1911.0
85,row-1275,1912.5
86,row-1276,1914.0
87,row-1277,1915.5
88,row-1278,1917.0
89,row-1279,1918.5
80,row-1280,1920.0
81,row-1281,1921.5
82,row-1282,1923.0
83,row-1283,1924.5
84,row-1284,1926.0
85,row-1285,1927.5
86,row-1286,1929.0
87,row-1287,1930.5
88,row-1288,1932.0
89,row-1289,1933.5
80,row-1290,1935.0
81,row-1291,1936.5
82,row-1292,1938.0
83,row-1293,1939.5
84,row-1294,1941.0
85,row-1295,1942.5
86,row-1296,1944.0
87,row-1297,1945.5
88,row-1298,1947.0
89,row-1299,1948.5
80,row-1300,1950.0
81,row-1301,1951.5
82,row-1302,1953.0
83,row-1303,1954.5
84,row-1304,1956.0
85,row-1305,1957.5
86,row-1306,1959.0
87,row-1307,1960.5
88,row-1308,1962.0
89,row-1309,1963.5
80,row-1310,1965.0
81,row-1311,1966.5
82,row-1312,1968.0
83,row-1313,1969.5
84,row-1314,1971.0
85,row-1315,1972.5
86,row-1316,1974.0
87,row-1317,1975.5
88,row-1318,1977.0
89,row-1319,1978.5
80,row-1320,1980.0
81,row-1321,1981.5
82,row-1322,1983.0
83,row-1323,1984.5
84,row-1324,1986.0
85,row-1325,1987.5
86,row-1326,1989.0
87,row-1327,1990.5
88,row-1328,1992.0
89,row-1329,1993.5
80,row-1330,1995.0
81,row-1331,1996.5
82,row-1332,1998.0
83,row-1333,1999.5
84,row-1334,2001.0
85,row-1335,2002.5
86,row-1336,2004.0
87,row-1337,2005.5
88,row-1338,2007.0
89,row-1339,2008.5
80,row-1340,2010.0
81,row-1341,2011.5
82,row-1342,2013.0
83,row-1343,2014.5
84,row-1344,2016.0
85,row-1345,2017.5
86,row-1346,2019.0
87,row-1347,2020.5
88,row-1348,2022.0
89,row-1349,2023.5
80,row-1350,2025.0
81,row-1351,2026.5
82,row-1352,2028.0
83,row-1353,2029.5
84,row-1354,2031.0
85,row-1355,2032.5
86,row-1356,2034.0
87,row-1357,2035.5
88,row-1358,2037.0
89,row-1359,2038.5
80,row-1360,2040.0
81,row-1361,2041.5
82,row-1362,2043.0
83,row-1363,2044.5
84,row-1364,2046.0
85,row-1365,2047.5
86,row-1366,2049.0
87,row-1367,2050.5
88,row-1368,2052.0
89,row-1369,2053.5
80,row-1370,2055.0
81,row-1371,2056.5
82,row-1372,2058.0
83,row-1373,2059.5
84,row-1374,2061.0
85,row-1375,2062.5
86,row-1376,2064.0
87,row-1377,2065.5
88,row-1378,2067.0
89,row-1379,2068.5
80,row-1380,2070.0
81,row-1381,2071.5
82,row-1382,2073.0
83,row-1383,2074.5
84,row-1384,2076.0
85,row-1385,2077.5
86,row-1386,2079.0
87,row-1387,2080.5
88,row-1388,2082.0
89,row-1389,2083.5
80,row-1390,2085.0
81,row-1391,2086.5
82,row-1392,2088.0
83,row-1393,2089.5
84,row-1394,2091.0
85,row-1395,2092.5
86,row-1396,2094.0
87,row-1397,2095.5
88,row-1398,2097.0
89,row-1399,2098.5
80,row-1400,2100.0
81,row-1401,2101.5
82,row-1402,2103.0
83,row-1403,2104.5
84,row-1404,2106.0
85,row-1405,2107.5
86,row-1406,2109.0
87,row-1407,2110.5
88,row-1408,2112.0
89,row-1409,2113.5
80,row-1410,2115.0
81,row-1411,2116.5
82,row-1412,2118.0
83,row-1413,2119.5
84,row-1414,2121.0
85,row-1415,2122.5
86,row-1416,2124.0
87,row-1417,2125.5
88,row-1418,2127.0
89,row-1419,2128.5
80,row-1420,2130.0
81,row-1421,2131.5
82,row-1422,2133.0
83,row-1423,2134.5
84,row-1424,2136.0
85,row-1425,2137.5
86,row-1426,2139.0
87,row-1427,2140.5
88,row-1428,2142.0
89,row-1429,2143.5
80,row-1430,2145.0
81,row-1431,2146.5
82,row-1432,2148.0
83,row-1433,2149.5
84,row-1434,2151.0
85,row-1435,2152.5
86,row-1436,2154.0
87,row-1437,2155.5
88,row-1438,2157.0
89,row-1439,2158.5
80,row-1440,2160.0
81,row-1441,2161.5
82,row-1442,2163.0
83,row-1443,2164.5
84,row-1444,2166.0
85,row-1445,2167.5
86,row-1446,2169.0
87,row-1447,2170.5
88,row-1448,2172.0
89,row-1449,2173.5
80,row-1450,2175.0
81,row-1451,2176.5
82,row-1452,2178.0
83,row-1453,2179.5
84,row-1454,2181.0
85,row-1455,2182.5
86,row-1456,2184.0
87,row-1457,2185.5
88,row-1458,2187.0
89,row-1459,2188.5
80,row-1460,2190.0
81,row-1461,2191.5
82,row-1462,2193.0
83,row-1463,2194.5
84,row-1464,2196.0
85,row-1465,2197.5
86,row-1466,2199.0
87,row-1467,2200.5
88,row-1468,2202.0
89,row-1469,2203.5
80,row-1470,2205.0
81,row-1471,2206.5
82,row-1472,2208.0
83,row-1473,2209.5
84,row-1474,2211.0
85,row-1475,2212.5
86,row-1476,2214.0
87,row-1477,2215.5
88,row-1478,2217.0
89,row-1479,2218.5
80,row-1480,2220.0
81,row-1481,2221.5
82,row-1482,2223.0
83,row-1483,2224.5
84,row-1484,2226.0
85,row-1485,2227.5
86,row-1486,2229.0
87,row-1487,2230.5
88,row-1488,2232.0
89,row-1489,2233.5
80,row-1490,2235.0
81,row-1491,2236.5
82,row-1492,2238.0
83,row-1493,2239.5
84,row-1494,2241.0
85,row-1495,2242.5
86,row-1496,2244.0
87,row-1497,2245.5
88,row-1498,2247.0
89,row-1499,2248.5
80,row-1500,2250.0
81,row-1501,2251.5
82,row-1502,2253.0
83,row-1503,2254.5
84,row-1504,2256.0
85,row-1505,2257.5
86,row-1506,2259.0
87,row-1507,2260.5
88,row-1508,2262.0
89,row-1509,2263.5
80,row-1510,2265.0
81,row-1511,2266.5
82,row-1512,2268.0
83,row-1513,2269.5
84,row-1514,2271.0
85,row-1515,2272.5
86,row-1516,2274.0
87,row-1517,2275.5
88,row-1518,2277.0
89,row-1519,2278.5
80,row-1520,2280.0
81,row-1521,2281.5
82,row-1522,2283.0
83,row-1523,2284.5
84,row-1524,2286.0
85,row-1525,2287.5
86,row-1526,2289.0
87,row-1527,2290.5
88,row-1528,2292.0
89,row-1529,2293.5
80,row-1530,2295.0
81,row-1531,2296.5
82,row-1532,2298.0
83,row-1533,2299.5
84,row-1534,2301.0
85,row-1535,2302.5
86,row-1536,2304.0
87,row-1537,2305.5
88,row-1538,2307.0
89,row-1539,2308.5
80,row-1540,2310.0
81,row-1541,2311.5
82,row-1542,2313.0
83,row-1543,2314.5
84,row-1544,2316.0
85,row-1545,2317.5
86,row-1546,2319.0
87,row-1547,2320.5
88,row-1548,2322.0
89,row-1549,2323.5
80,row-1550,2325.0
81,row-1551,2326.5
82,row-1552,2328.0
83,row-1553,2329.5
84,row-1554,2331.0
85,row-1555,2332.5
86,row-1556,2334.0
87,row-1557,2335.5
88,row-1558,2337.0
89,row-1559,2338.5
80,row-1560,2340.0
81,row-1561,2341.5
82,row-1562,2343.0
83,row-1563,2344.5
84,row-1564,2346.0
85,row-1565,2347.5
86,row-1566,2349.0
87,row-1567,2350.5
88,row-1568,2352.0
89,row-1569,2353.5
80,row-1570,2355.0
81,row-1571,2356.5
82,row-1572,2358.0
83,row-1573,2359.5
84,row-1574,2361.0
85,row-1575,2362.5
86,row-1576,2364.0
87,row-1577,2365.5
88,row-1578,2367.0
89,row-1579,2368.5
80,row-1580,2370.0
81,row-1581,2371.5
82,row-1582,2373.0
83,row-1583,2374.5
84,row-1584,2376.0
85,row-1585,2377.5
86,row-1586,2379.0
87,row-1587,2380.5
88,row-1588,2382.0
89,row-1589,2383.5
80,row-1590,2385.0
81,row-1591,2386.5
82,row-1592,2388.0
83,row-1593,2389.5
84,row-1594,2391.0
85,row-1595,2392.5
86,row-1596,2394.0
87,row-1597,2395.5
88,row-1598,2397.0
89,row-1599,2398.5
80,row-1600,2400.0
81,row-1601,2401.5
82,row-1602,2403.0
83,row-1603,2404.5
84,row-1604,2406.0
85,row-1605,2407.5
86,row-1606,2409.0
87,row-1607,2410.5
88,row-1608,2412.0
89,row-1609,2413.5
80,row-1610,2415.0
81,row-1611,2416.5
82,row-1612,2418.0
83,row-1613,2419.5
84,row-1614,2421.0
85,row-1615,2422.5
86,row-1616,2424.0
87,row-1617,2425.5
88,row-1618,2427.0
89,row-1619,2428.5
80,row-1620,2430.0
81,row-1621,2431.5
82,row-1622,2433.0
83,row-1623,2434.5
84,row-1624,2436.0
85,row-1625,2437.5
86,row-1626,2439.0
87,row-1627,2440.5
88,row-1628,2442.0
89,row-1629,2443.5
80,row-1630,2445.0
81,row-1631,2446.5
82,row-1632,2448.0
83,row-1633,2449.5
84,row-1634,2451.0
85,row-1635,2452.5
86,row-1636,2454.0
87,row-1637,2455.5
88,row-1638,2457.0
89,row-1639,2458.5
80,row-1640,2460.0
81,row-1641,2461.5
82,row-1642,2463.0
83,row-1643,2464.5
84,row-1644,2466.0
85,row-1645,2467.5
86,row-1646,2469.0
87,row-1647,2470.5
88,row-1648,2472.0
89,row-1649,2473.5
80,row-1650,2475.0
81,row-1651,2476.5
82,row-1652,2478.0
83,row-1653,2479.5
84,row-1654,2481.0
85,row-1655,2482.5
86,row-1656,2484.0
87,row-1657,2485.5
88,row-1658,2487.0
89,row-1659,2488.5
80,row-1660,2490.0
81,row-1661,2491.5
82,row-1662,2493.0
83,row-1663,2494.5
84,row-1664,2496.0
85,row-1665,2497.5
86,row-1666,2499.0
87,row-1667,2500.5
88,row-1668,2502.0
89,row-1669,2503.5
80,row-1670,2505.0
81,row-1671,2506.5
82,row-1672,2508.0
83,row-1673,2509.5
84,row-1674,2511.0
85,row-1675,2512.5
86,row-1676,2514.0
87,row-1677,2515.5
88,row-1678,2517.0
89,row-1679,2518.5
80,row-1680,2520.0
81,row-1681,2521.5
82,row-1682,2523.0
83,row-1683,2524.5
84,row-1684,2526.0
85,row-1685,2527.5
86,row-1686,2529.0
87,row-1687,2530.5
88,row-1688,2532.0
89,row-1689,2533.5
80,row-1690,2535.0
81,row-1691,2536.5
82,row-1692,2538.0
83,row-1693,2539.5
84,row-1694,2541.0
85,row-1695,2542.5
86,row-1696,2544.0
87,row-1697,2545.5
88,row-1698,2547.0
89,row-1699,2548.5
80,row-1700,2550.0
81,row-1701,2551.5
82,row-1702,2553.0
83,row-1703,2554.5
84,row-1704,2556.0
85,row-1705,2557.5
86,row-1706,2559.0
87,row-1707,2560.5
88,row-1708,2562.0
89,row-1709,2563.5
80,row-1710,2565.0
81,row-1711,2566.5
82,row-1712,2568.0
83,row-1713,2569.5
84,row-1714,2571.0
85,row-1715,2572.5
86,row-1716,2574.0
87,row-1717,2575.5
88,row-1718,2577.0
89,row-1719,2578.5
80,row-1720,2580.0
81,row-1721,2581.5
82,row-1722,2583.0
83,row-1723,2584.5
84,row-1724,2586.0
85,row-1725,2587.5
86,row-1726,2589.0
87,row-1727,2590.5
88,row-1728,2592.0
89,row-1729,2593.5
80,row-1730,2595.0
81,row-1731,2596.5
82,row-1732,2598.0
83,row-1733,2599.5
84,row-1734,2601.0
85,row-1735,2602.5
86,row-1736,2604.0
87,row-1737,2605.5
88,row-1738,2607.0
89,row-1739,2608.5
80,row-1740,2610.0
81,row-1741,2611.5
82,row-1742,2613.0
83,row-1743,2614.5
84,row-1744,2616.0
85,row-1745,2617.5
86,row-1746,2619.0
87,row-1747,2620.5
88,row-1748,2622.0
89,row-1749,2623.5
80,row-1750,2625.0
81,row-1751,2626.5
82,row-1752,2628.0
83,row-1753,2629.5
84,row-1754,2631.0
85,row-1755,2632.5
86,row-1756,2634.0
87,row-1757,2635.5
88,row-1758,2637.0
89,row-1759,2638.5
80,row-1760,2640.0
81,row-1761,2641.5
82,row-1762,2643.0
83,row-1763,2644.5
84,row-1764,2646.0
85,row-1765,2647.5
86,row-1766,2649.0
87,row-1767,2650.5
88,row-1768,2652.0
89,row-1769,2653.5
80,row-1770,2655.0
81,row-1771,2656.5
82,row-1772,2658.0
83,row-1773,2659.5
84,row-1774,2661.0
85,row-1775,2662.5
86,row-1776,2664.0
87,row-1777,2665.5
88,row-1778,2667.0
89,row-1779,2668.5
80,row-1780,2670.0
81,row-1781,2671.5
82,row-1782,2673.0
83,row-1783,2674.5
84,row-1784,2676.0
85,row-1785,2677.5
86,row-1786,2679.0
87,row-1787,2680.5
88,row-1788,2682.0
89,row-1789,2683.5
80,row-1790,2685.0
81,row-1791,2686.5
82,row-1792,2688.0
83,row-1793,2689.5
84,row-1794,2691.0
85,row-1795,2692.5
86,row-1796,2694.0
87,row-1797,2695.5
88,row-1798,2697.0
89,row-1799,2698.5
80,row-1800,2700.0
81,row-1801,2701.5
82,row-1802,2703.0
83,row-1803,2704.5
84,row-1804,2706.0
85,row-1805,2707.5
86,row-1806,2709.0
87,row-1807,2710.5
88,row-1808,2712.0
89,row-1809,2713.5
80,row-1810,2715.0
81,row-1811,2716.5
82,row-1812,2718.0
83,row-1813,2719.5
84,row-1814,2721.0
85,row-1815,2722.5
86,row-1816,2724.0
87,row-1817,2725.5
88,row-1818,2727.0
89,row-1819,2728.5
80,row-1820,2730.0
81,row-1821,2731.5
82,row-1822,2733.0
83,row-1823,2734.5
84,row-1824,2736.0
85,row-1825,2737.5
86,row-1826,2739.0
87,row-1827,2740.5
88,row-1828,2742.0
89,row-1829,2743.5
80,row-1830,2745.0
81,row-1831,2746.5
82,row-1832,2748.0
83,row-1833,2749.5
84,row-1834,2751.0
85,row-1835,2752.5
86,row-1836,2754.0
87,row-1837,2755.5
88,row-1838,2757.0
89,row-1839,2758.5
80,row-1840,2760.0
81,row-1841,2761.5
82,row-1842,2763.0
83,row-1843,2764.5
84,row-1844,2766.0
85,row-1845,2767.5
86,row-1846,2769.0
87,row-1847,2770.5
88,row-1848,2772.0
89,row-1849,2773.5
80,row-1850,2775.0
81,row-1851,2776.5
82,row-1852,2778.0
83,row-1853,2779.5
84,row-1854,2781.0
85,row-1855,2782.5
86,row-1856,2784.0
87,row-1857,2785.5
88,row-1858,2787.0
89,row-1859,2788.5
80,row-1860,2790.0
81,row-1861,2791.5
82,row-1862,2793.0
83,row-1863,2794.5
84,row-1864,2796.0
85,row-1865,2797.5
86,row-1866,2799.0
87,row-1867,2800.5
88,row-1868,2802.0
89,row-1869,2803.5
80,row-1870,2805.0
81,row-1871,2806.5
82,row-1872,2808.0
83,row-1873,2809.5
84,row-1874,2811.0
85,row-1875,2812.5
86,row-1876,2814.0
87,row-1877,2815.5
88,row-1878,2817.0
89,row-1879,2818.5
80,row-1880,2820.0
81,row-1881,2821.5
82,row-1882,2823.0
83,row-1883,2824.5
84,row-1884,2826.0
85,row-1885,2827.5
86,row-1886,2829.0
87,row-1887,2830.5
88,row-1888,2832.0
89,row-1889,2833.5
80,row-1890,2835.0
81,row-1891,2836.5
82,row-1892,2838.0
83,row-1893,2839.5
84,row-1894,2841.0
85,row-1895,2842.5
86,row-1896,2844.0
87,row-1897,2845.5
88,row-1898,2847.0
89,row-1899,2848.5
80,row-1900,2850.0
81,row-1901,2851.5
82,row-1902,2853.0
83,row-1903,2854.5
84,row-1904,2856.0
85,row-1905,2857.5
86,row-1906,2859.0
87,row-1907,2860.5
88,row-1908,2862.0
89,row-1909,2863.5
80,row-1910,2865.0
81,row-1911,2866.5
82,row-1912,2868.0
83,row-1913,2869.5
84,row-1914,2871.0
85,row-1915,2872.5
86,row-1916,2874.0
87,row-1917,2875.5
88,row-1918,2877.0
89,row-1919,2878.5
80,row-1920,2880.0
81,row-1921,2881.5
82,row-1922,2883.0
83,row-1923,2884.5
84,row-1924,2886.0
85,row-1925,2887.5
86,row-1926,2889.0
87,row-1927,2890.5
88,row-1928,2892.0
89,row-1929,2893.5
80,row-1930,2895.0
81,row-1931,2896.5
82,row-1932,2898.0
83,row-1933,2899.5
84,row-1934,2901.0
85,row-1935,2902.5
86,row-1936,2904.0
87,row-1937,2905.5
88,row-1938,2907.0
89,row-1939,2908.5
80,row-1940,2910.0
81,row-1941,2911.5
82,row-1942,2913.0
83,row-1943,2914.5
84,row-1944,2916.0
85,row-1945,2917.5
86,row-1946,2919.0
87,row-1947,2920.5
88,row-1948,2922.0
89,row-1949,2923.5
80,row-1950,2925.0
81,row-1951,2926.5
82,row-1952,2928.0
83,row-1953,2929.5
84,row-1954,2931.0
85,row-1955,2932.5
86,row-1956,2934.0
87,row-1957,2935.5
88,row-1958,2937.0
89,row-1959,2938.5
80,row-1960,2940.0
81,row-1961,2941.5
82,row-1962,2943.0
83,row-1963,2944.5
84,row-1964,2946.0
85,row-1965,2947.5
86,row-1966,2949.0
87,row-1967,2950.5
88,row-1968,2952.0
89,row-1969,2953.5
80,row-1970,2955.0
81,row-1971,2956.5
82,row-1972,2958.0
83,row-1973,2959.5
84,row-1974,2961.0
85,row-1975,2962.5
86,row-1976,2964.0
87,row-1977,2965.5
88,row-1978,2967.0
89,row-1979,2968.5
80,row-1980,2970.0
81,row-1981,2971.5
82,row-1982,2973.0
83,row-1983,2974.5
84,row-1984,2976.0
85,row-1985,2977.5
86,row-1986,2979.0
87,row-1987,2980.5
88,row-1988,2982.0
89,row-1989,2983.5
80,row-1990,2985.0
81,row-1991,2986.5
82,row-1992,2988.0
83,row-1993,2989.5
84,row-1994,2991.0
85,row-1995,2992.5
86,row-1996,2994.0
87,row-1997,2995.5
88,row-1998,2997.0
89,row-1999,2998.5
80,row-2000,3000.0
